[
  {
    "id": "e0cb04d0-46d2-4ba4-a127-1d9f60fe3171",
    "data": [
      {
        "text": "not my problem, send ",
        "userDefined": false
      },
      {
        "text": "it",
        "meta": "@sys.ignore",
        "userDefined": false
      },
      {
        "text": " to ",
        "userDefined": false
      },
      {
        "text": "adrian",
        "alias": "givenname",
        "meta": "@usernames",
        "userDefined": false
      }
    ],
    "isTemplate": false,
    "count": 0,
    "updated": 1506704413
  },
  {
    "id": "992371b7-ea79-4383-92bb-ae70e1283e41",
    "data": [
      {
        "text": "Make this ",
        "userDefined": false
      },
      {
        "text": "Adrian",
        "alias": "givenname",
        "meta": "@usernames",
        "userDefined": false
      },
      {
        "text": "\u0027s problem.",
        "userDefined": false
      }
    ],
    "isTemplate": false,
    "count": 0,
    "updated": 1506704127
  },
  {
    "id": "8968ebd5-23ff-40b3-9cc4-01fd2189f03b",
    "data": [
      {
        "text": "send this task to ",
        "userDefined": false
      },
      {
        "text": "adrian",
        "alias": "givenname",
        "meta": "@usernames",
        "userDefined": false
      }
    ],
    "isTemplate": false,
    "count": 0,
    "updated": 1507840220
  },
  {
    "id": "0db0de8f-35d1-4cae-bcc0-e1d9e3ae2cc1",
    "data": [
      {
        "text": "redirect to ",
        "userDefined": false
      },
      {
        "text": "adrian",
        "alias": "givenname",
        "meta": "@usernames",
        "userDefined": false
      }
    ],
    "isTemplate": false,
    "count": 0,
    "updated": 1507840220
  },
  {
    "id": "74d13f79-cbad-4588-807a-0c89289089b2",
    "data": [
      {
        "text": "send to ",
        "userDefined": false
      },
      {
        "text": "adrian",
        "alias": "givenname",
        "meta": "@usernames",
        "userDefined": false
      }
    ],
    "isTemplate": false,
    "count": 0,
    "updated": 1506704413
  },
  {
    "id": "a5e9eb70-9085-4443-8cd7-0bdec024c606",
    "data": [
      {
        "text": "send ",
        "userDefined": false
      },
      {
        "text": "it",
        "meta": "@sys.ignore",
        "userDefined": false
      },
      {
        "text": " to ",
        "userDefined": false
      },
      {
        "text": "adrian",
        "alias": "givenname",
        "meta": "@usernames",
        "userDefined": false
      }
    ],
    "isTemplate": false,
    "count": 0,
    "updated": 1506704413
  },
  {
    "id": "d0dbc424-c24c-4a84-9e4a-fc117cbfebd7",
    "data": [
      {
        "text": "forward to ",
        "userDefined": false
      },
      {
        "text": "adrian",
        "alias": "givenname",
        "meta": "@usernames",
        "userDefined": false
      }
    ],
    "isTemplate": false,
    "count": 0,
    "updated": 1506704413
  },
  {
    "id": "d677e9c0-6c4f-439f-9ca1-0e83bcd190f4",
    "data": [
      {
        "text": "redirect this to ",
        "userDefined": false
      },
      {
        "text": "adrian",
        "alias": "givenname",
        "meta": "@usernames",
        "userDefined": false
      }
    ],
    "isTemplate": false,
    "count": 0,
    "updated": 1507840220
  },
  {
    "id": "f9344d48-e7b6-4dfd-9e0c-1a1a8f38ce8d",
    "data": [
      {
        "text": "Redirect this task to ",
        "userDefined": false
      },
      {
        "text": "Adrian",
        "alias": "givenname",
        "meta": "@usernames",
        "userDefined": true
      }
    ],
    "isTemplate": false,
    "count": 0,
    "updated": 1506704127
  },
  {
    "id": "88e849e2-3278-4710-a964-a1d6eac6627f",
    "data": [
      {
        "text": "send this to ",
        "userDefined": false
      },
      {
        "text": "adrian",
        "alias": "givenname",
        "meta": "@usernames",
        "userDefined": false
      }
    ],
    "isTemplate": false,
    "count": 0,
    "updated": 1507840220
  }
]