[
  {
    "id": "ad225422-d914-46a2-bd45-161ec4fe3839",
    "data": [
      {
        "text": "Who\u0027s uncle are you?",
        "userDefined": false
      }
    ],
    "isTemplate": false,
    "count": 0,
    "updated": 1504814839
  },
  {
    "id": "2b1d53fd-0517-4a53-9c4c-9ab960967d4a",
    "data": [
      {
        "text": "Are you my uncle?",
        "userDefined": false
      }
    ],
    "isTemplate": false,
    "count": 0,
    "updated": 1504814839
  },
  {
    "id": "50d45264-0b89-48f6-9d90-7528ed6354e4",
    "data": [
      {
        "text": "what is your name?",
        "userDefined": false
      }
    ],
    "isTemplate": false,
    "count": 0,
    "updated": 1506037660
  },
  {
    "id": "38f9b68a-7869-4fac-9414-5b68ad3a5801",
    "data": [
      {
        "text": "are you uncle ",
        "userDefined": false
      },
      {
        "text": "bob",
        "meta": "@sys.ignore",
        "userDefined": false
      },
      {
        "text": "?",
        "userDefined": false
      }
    ],
    "isTemplate": false,
    "count": 0,
    "updated": 1504814839
  },
  {
    "id": "f553caf9-8658-4e6b-8c05-91ab23f5565f",
    "data": [
      {
        "text": "who are you?",
        "userDefined": false
      }
    ],
    "isTemplate": false,
    "count": 0,
    "updated": 1506037660
  }
]