[
  {
    "id": "4ac50620-6d18-4fed-8657-f57367be2d01",
    "data": [
      {
        "text": "Good Afternoon",
        "userDefined": false
      }
    ],
    "isTemplate": false,
    "count": 0,
    "updated": 1493745609
  },
  {
    "id": "dcb4ba29-4078-4823-b6d2-c1d45616709a",
    "data": [
      {
        "text": "Hello",
        "userDefined": false
      }
    ],
    "isTemplate": false,
    "count": 0,
    "updated": 1493745609
  },
  {
    "id": "6db4c1df-1a59-489b-905b-ac98996c4700",
    "data": [
      {
        "text": "Yo",
        "userDefined": false
      }
    ],
    "isTemplate": false,
    "count": 0,
    "updated": 1493745609
  },
  {
    "id": "e727eced-7248-4cd9-bbe5-4a66b20f2280",
    "data": [
      {
        "text": "hi",
        "userDefined": false
      }
    ],
    "isTemplate": false,
    "count": 1,
    "updated": 1494872489
  },
  {
    "id": "d6beeb1c-42ac-4607-82f3-be3363d335b8",
    "data": [
      {
        "text": "hi threre",
        "userDefined": false
      }
    ],
    "isTemplate": false,
    "count": 0,
    "updated": 1493831250
  },
  {
    "id": "0fff5b80-46f8-44ae-9f55-4eb6b5f17468",
    "data": [
      {
        "text": "Howdy",
        "userDefined": false
      }
    ],
    "isTemplate": false,
    "count": 0,
    "updated": 1493745609
  },
  {
    "id": "ffb87638-85b5-49de-96af-598214bccb6a",
    "data": [
      {
        "text": "ola",
        "userDefined": false
      }
    ],
    "isTemplate": false,
    "count": 0,
    "updated": 1506036717
  },
  {
    "id": "fa972db6-712a-407a-a0a9-2b466271f7cc",
    "data": [
      {
        "text": "Good Evening",
        "userDefined": false
      }
    ],
    "isTemplate": false,
    "count": 0,
    "updated": 1493745609
  },
  {
    "id": "d30023e9-c62c-41b0-8d7a-a38dbbd6aefa",
    "data": [
      {
        "text": "Good Morning",
        "userDefined": false
      }
    ],
    "isTemplate": false,
    "count": 1,
    "updated": 1493745609
  },
  {
    "id": "de2ace1e-c88e-4b3d-9970-39749eb55034",
    "data": [
      {
        "text": "hello",
        "userDefined": false
      }
    ],
    "isTemplate": false,
    "count": 1,
    "updated": 1493831326
  },
  {
    "id": "22bfc868-0a28-41b5-960c-b3d9512e59ab",
    "data": [
      {
        "text": "Hi",
        "userDefined": false
      }
    ],
    "isTemplate": false,
    "count": 0,
    "updated": 1493745609
  }
]