[
  {
    "id": "3ba5fe2d-a80a-4f0d-85b8-c5f25a4a97dc",
    "data": [
      {
        "text": "get all my tasks.",
        "userDefined": false
      }
    ],
    "isTemplate": false,
    "count": 0,
    "updated": 1506550057
  },
  {
    "id": "74017c03-8aae-4c19-8950-c9ba8cebacdc",
    "data": [
      {
        "text": "Do I have tasks?",
        "userDefined": false
      }
    ],
    "isTemplate": false,
    "count": 0,
    "updated": 1506706488
  },
  {
    "id": "df4e1ffd-9f87-4263-9e79-36135ad371d9",
    "data": [
      {
        "text": "What are my tasks?",
        "userDefined": false
      }
    ],
    "isTemplate": false,
    "count": 0,
    "updated": 1505763467
  },
  {
    "id": "96761c3a-41df-4b7e-a1a7-78b85d1f9ede",
    "data": [
      {
        "text": "get my outstanding tasks",
        "userDefined": false
      }
    ],
    "isTemplate": false,
    "count": 1,
    "updated": 1506546755
  },
  {
    "id": "26fc2fbe-67db-420e-a24e-246fc67457e9",
    "data": [
      {
        "text": "How many tasks do I have?",
        "userDefined": false
      }
    ],
    "isTemplate": false,
    "count": 0,
    "updated": 1505940835
  },
  {
    "id": "c5b0f299-b088-4716-bf40-5cf57eb928e2",
    "data": [
      {
        "text": "Do I have any tasks?",
        "userDefined": false
      }
    ],
    "isTemplate": false,
    "count": 0,
    "updated": 1505940835
  },
  {
    "id": "92982dc4-e26a-4cf5-9a15-05195ae7ed95",
    "data": [
      {
        "text": "Get my tasks.",
        "userDefined": false
      }
    ],
    "isTemplate": false,
    "count": 0,
    "updated": 1505940835
  }
]