[
  {
    "id": "8bca9eae-3f57-461b-adf4-80730cec071e",
    "data": [
      {
        "text": "open my ",
        "userDefined": false
      },
      {
        "text": "leave requests",
        "alias": "k2process",
        "meta": "@k2process",
        "userDefined": false
      }
    ],
    "isTemplate": false,
    "count": 0,
    "updated": 1506549806
  },
  {
    "id": "6575649a-1d92-45d8-b4ea-d8da5bef1b0f",
    "data": [
      {
        "text": "What are my outstanding ",
        "userDefined": false
      },
      {
        "text": "expenses",
        "alias": "k2process",
        "meta": "@k2process",
        "userDefined": false
      },
      {
        "text": "?",
        "userDefined": false
      }
    ],
    "isTemplate": false,
    "count": 0,
    "updated": 1506487974
  },
  {
    "id": "0004f2d9-6270-4b23-9e5b-0d6796d8cffd",
    "data": [
      {
        "text": "open my ",
        "userDefined": false
      },
      {
        "text": "expense claim",
        "alias": "k2process",
        "meta": "@k2process",
        "userDefined": false
      },
      {
        "text": " tasks",
        "userDefined": false
      }
    ],
    "isTemplate": false,
    "count": 0,
    "updated": 1506546725
  },
  {
    "id": "1dc6925c-343a-4ea6-988c-2a01a0fd00e3",
    "data": [
      {
        "text": "get my ",
        "userDefined": false
      },
      {
        "text": "leave requests",
        "alias": "k2process",
        "meta": "@k2process",
        "userDefined": false
      }
    ],
    "isTemplate": false,
    "count": 0,
    "updated": 1506546725
  },
  {
    "id": "999889a1-aa7c-46bf-80df-17628f7c3c78",
    "data": [
      {
        "text": "list the ",
        "userDefined": false
      },
      {
        "text": "expense",
        "alias": "k2process",
        "meta": "@k2process",
        "userDefined": false
      },
      {
        "text": " tasks",
        "userDefined": false
      }
    ],
    "isTemplate": false,
    "count": 0,
    "updated": 1506488656
  },
  {
    "id": "43a785f8-2272-424d-be5a-64db2d54c837",
    "data": [
      {
        "text": "Tell me more about my ",
        "userDefined": false
      },
      {
        "text": "leave request",
        "alias": "k2process",
        "meta": "@k2process",
        "userDefined": false
      },
      {
        "text": " tasks",
        "userDefined": false
      }
    ],
    "isTemplate": false,
    "count": 0,
    "updated": 1506120785
  },
  {
    "id": "1eaa75d8-03d4-4d0b-a29f-2d39445742e3",
    "data": [
      {
        "text": "get the ",
        "userDefined": false
      },
      {
        "text": "leave requests",
        "alias": "k2process",
        "meta": "@k2process",
        "userDefined": false
      }
    ],
    "isTemplate": false,
    "count": 0,
    "updated": 1506488656
  },
  {
    "id": "f8707026-0360-4e88-abe4-3e9944817f61",
    "data": [
      {
        "text": "Lets work ",
        "userDefined": false
      },
      {
        "text": "on",
        "meta": "@sys.ignore",
        "userDefined": false
      },
      {
        "text": " the ",
        "userDefined": false
      },
      {
        "text": "Leave Requests",
        "alias": "k2process",
        "meta": "@k2process",
        "userDefined": false
      }
    ],
    "isTemplate": false,
    "count": 0,
    "updated": 1506110831
  },
  {
    "id": "b9b827b4-d277-4154-a589-5a2fe045130d",
    "data": [
      {
        "text": "List my ",
        "userDefined": false
      },
      {
        "text": "Expenses",
        "alias": "k2process",
        "meta": "@k2process",
        "userDefined": false
      }
    ],
    "isTemplate": false,
    "count": 0,
    "updated": 1506110831
  },
  {
    "id": "a5590555-88d8-4326-bd96-e0f1f35fe08f",
    "data": [
      {
        "text": "get my ",
        "userDefined": false
      },
      {
        "text": "expense claim",
        "alias": "k2process",
        "meta": "@k2process",
        "userDefined": false
      },
      {
        "text": " tasks",
        "userDefined": false
      }
    ],
    "isTemplate": false,
    "count": 0,
    "updated": 1506546725
  },
  {
    "id": "cae554c0-4b23-45d1-86c4-d363322e8017",
    "data": [
      {
        "text": "Open the ",
        "userDefined": false
      },
      {
        "text": "expenses",
        "alias": "k2process",
        "meta": "@k2process",
        "userDefined": false
      }
    ],
    "isTemplate": false,
    "count": 0,
    "updated": 1506120727
  },
  {
    "id": "aa0df647-aa01-4feb-9ccd-df65760629cd",
    "data": [
      {
        "text": "List my ",
        "userDefined": false
      },
      {
        "text": "Expense",
        "alias": "k2process",
        "meta": "@k2process",
        "userDefined": true
      },
      {
        "text": " tasks",
        "userDefined": false
      }
    ],
    "isTemplate": false,
    "count": 0,
    "updated": 1506110831
  },
  {
    "id": "4a744f84-9557-459b-8a50-0848fe07890f",
    "data": [
      {
        "text": "tell me about the ",
        "userDefined": false
      },
      {
        "text": "leave request",
        "alias": "k2process",
        "meta": "@k2process",
        "userDefined": true
      }
    ],
    "isTemplate": false,
    "count": 0,
    "updated": 1507235230
  },
  {
    "id": "bcb94123-dbb4-40d8-8a3c-735b6130f962",
    "data": [
      {
        "text": "Open the ",
        "userDefined": false
      },
      {
        "text": "expense",
        "alias": "k2process",
        "meta": "@k2process",
        "userDefined": false
      },
      {
        "text": " tasks",
        "userDefined": false
      }
    ],
    "isTemplate": false,
    "count": 1,
    "updated": 1506120727
  },
  {
    "id": "0e709662-d1e2-4601-b955-198b6fd32316",
    "data": [
      {
        "text": "Tell me more about ",
        "userDefined": false
      },
      {
        "text": "expenses",
        "alias": "k2process",
        "meta": "@k2process",
        "userDefined": false
      }
    ],
    "isTemplate": false,
    "count": 0,
    "updated": 1506120785
  },
  {
    "id": "62660d45-49f7-4c19-a0d7-289742229c16",
    "data": [
      {
        "text": "What are the ",
        "userDefined": false
      },
      {
        "text": "Leave Request",
        "alias": "k2process",
        "meta": "@k2process",
        "userDefined": false
      },
      {
        "text": " tasks?",
        "userDefined": false
      }
    ],
    "isTemplate": false,
    "count": 0,
    "updated": 1506110831
  },
  {
    "id": "68d526c6-bd6c-490e-85ca-d04a080ba283",
    "data": [
      {
        "text": "Give me the ",
        "userDefined": false
      },
      {
        "text": "Expenses",
        "alias": "k2process",
        "meta": "@k2process",
        "userDefined": false
      }
    ],
    "isTemplate": false,
    "count": 0,
    "updated": 1506110831
  },
  {
    "id": "4580b7b2-1613-4da4-a615-69ebda914f28",
    "data": [
      {
        "text": "What are my ",
        "userDefined": false
      },
      {
        "text": "Expense",
        "alias": "k2process",
        "meta": "@k2process",
        "userDefined": true
      },
      {
        "text": " tasks?",
        "userDefined": false
      }
    ],
    "isTemplate": false,
    "count": 0,
    "updated": 1506110831
  },
  {
    "id": "6baae8a2-cf17-4605-8503-6f86a380f62e",
    "data": [
      {
        "text": "Tell me about my ",
        "userDefined": false
      },
      {
        "text": "Leave Requests",
        "alias": "k2process",
        "meta": "@k2process",
        "userDefined": false
      }
    ],
    "isTemplate": false,
    "count": 0,
    "updated": 1506110831
  }
]