[
  {
    "id": "0020b018-d2b2-4d0b-b67c-8fe6a17b3577",
    "data": [
      {
        "text": "what can you do",
        "userDefined": false
      }
    ],
    "isTemplate": false,
    "count": 0,
    "updated": 0
  },
  {
    "id": "e9872641-dff0-4b99-b3cb-847706d01fce",
    "data": [
      {
        "text": "what can i do",
        "userDefined": false
      }
    ],
    "isTemplate": false,
    "count": 0,
    "updated": 0
  },
  {
    "id": "74f3d21f-9e25-45ca-b2b9-fed8d7276b27",
    "data": [
      {
        "text": "help",
        "userDefined": false
      }
    ],
    "isTemplate": false,
    "count": 0,
    "updated": 0
  },
  {
    "id": "fa302f9d-373b-47c2-98ae-55f1760a7b37",
    "data": [
      {
        "text": "what can i say",
        "userDefined": false
      }
    ],
    "isTemplate": false,
    "count": 0,
    "updated": 0
  }
]