[
  {
    "id": "4b7b9ae0-4791-4ce4-960a-5068ce264e6a",
    "data": [
      {
        "text": "we are going to have lots of fun together",
        "userDefined": false
      }
    ],
    "isTemplate": false,
    "count": 0,
    "updated": 0
  },
  {
    "id": "0ec0e964-7bab-4ce3-a76d-b3cfb893008c",
    "data": [
      {
        "text": "let\u0027s have fun",
        "userDefined": false
      }
    ],
    "isTemplate": false,
    "count": 0,
    "updated": 1506897218
  },
  {
    "id": "82d0e21a-bff7-427b-b935-43b7c2c464ea",
    "data": [
      {
        "text": "let\u0027s have some fun",
        "userDefined": false
      }
    ],
    "isTemplate": false,
    "count": 1,
    "updated": 1506896347
  },
  {
    "id": "21067900-0b33-4755-ab1e-a86c715a7009",
    "data": [
      {
        "text": "Let\u0027s have some fun",
        "userDefined": false
      }
    ],
    "isTemplate": false,
    "count": 0,
    "updated": 1504897375
  }
]