[
  {
    "id": "8157ae85-66fa-4ec4-a891-809db42e5d77",
    "data": [
      {
        "text": "take ",
        "userDefined": false
      },
      {
        "text": "pto",
        "alias": "leavetype",
        "meta": "@LeaveType",
        "userDefined": false
      },
      {
        "text": " ",
        "userDefined": false
      },
      {
        "text": "friday",
        "alias": "startdate",
        "meta": "@sys.date",
        "userDefined": true
      },
      {
        "text": " to ",
        "userDefined": false
      },
      {
        "text": "monday",
        "alias": "enddate",
        "meta": "@sys.date",
        "userDefined": true
      }
    ],
    "isTemplate": false,
    "count": 1,
    "updated": 1506038800
  },
  {
    "id": "c55d30a8-5f71-4964-b3fb-a125fc130b4e",
    "data": [
      {
        "text": "i want to take ",
        "userDefined": false
      },
      {
        "text": "some time off work",
        "meta": "@sys.ignore",
        "userDefined": false
      }
    ],
    "isTemplate": false,
    "count": 0,
    "updated": 1493831250
  },
  {
    "id": "e3be0f4c-d729-48ec-ac19-e19149211a5a",
    "data": [
      {
        "text": "take time off ",
        "userDefined": false
      },
      {
        "text": "from June 1",
        "alias": "startdate",
        "meta": "@sys.date",
        "userDefined": true
      },
      {
        "text": " ",
        "userDefined": false
      },
      {
        "text": "until June 15",
        "alias": "enddate",
        "meta": "@sys.date",
        "userDefined": true
      }
    ],
    "isTemplate": false,
    "count": 0,
    "updated": 1493673567
  },
  {
    "id": "1ffcbafc-4a0b-416d-9e68-00a27ef85608",
    "data": [
      {
        "text": "i want to take time off",
        "userDefined": false
      }
    ],
    "isTemplate": false,
    "count": 0,
    "updated": 1494879342
  },
  {
    "id": "eaa898d4-3bd7-4e1d-b3b2-bb9a3ee02bcc",
    "data": [
      {
        "text": "i want to take ",
        "userDefined": false
      },
      {
        "text": "time",
        "meta": "@sys.ignore",
        "userDefined": false
      },
      {
        "text": " off ",
        "userDefined": false
      },
      {
        "text": "on thursday",
        "alias": "startdate",
        "meta": "@sys.date",
        "userDefined": false
      }
    ],
    "isTemplate": false,
    "count": 0,
    "updated": 1493831373
  },
  {
    "id": "742e7325-edf6-4719-9a19-8d5a57893dcd",
    "data": [
      {
        "text": "take time off",
        "userDefined": false
      }
    ],
    "isTemplate": false,
    "count": 0,
    "updated": 1493831373
  },
  {
    "id": "5f68f22d-d654-4d57-bf1b-7d3f77004bdc",
    "data": [
      {
        "text": "i want to take some ",
        "userDefined": false
      },
      {
        "text": "pto",
        "alias": "leavetype",
        "meta": "@LeaveType",
        "userDefined": false
      },
      {
        "text": " from ",
        "userDefined": false
      },
      {
        "text": "friday",
        "alias": "startdate",
        "meta": "@sys.date",
        "userDefined": false
      },
      {
        "text": " through ",
        "userDefined": false
      },
      {
        "text": "next monday",
        "alias": "enddate",
        "meta": "@sys.date",
        "userDefined": false
      }
    ],
    "isTemplate": false,
    "count": 0,
    "updated": 1494879342
  },
  {
    "id": "c1b9b620-5d16-4f5a-aabf-c9e0d935f4dd",
    "data": [
      {
        "text": "i want to take leave ",
        "userDefined": false
      },
      {
        "text": "next week",
        "alias": "startdate",
        "meta": "@sys.date",
        "userDefined": true
      }
    ],
    "isTemplate": false,
    "count": 0,
    "updated": 1507134360
  },
  {
    "id": "3f9fdd64-0e63-47d3-bd4b-e4600893012f",
    "data": [
      {
        "text": "submit vacation request",
        "userDefined": false
      }
    ],
    "isTemplate": false,
    "count": 0,
    "updated": 1493673567
  },
  {
    "id": "614221fb-a80b-4b57-8595-0bca3c78b567",
    "data": [
      {
        "text": "submit time off",
        "userDefined": false
      }
    ],
    "isTemplate": false,
    "count": 0,
    "updated": 1496551453
  },
  {
    "id": "9a953c17-9d05-469a-80fb-094616adc282",
    "data": [
      {
        "text": "submit leave request",
        "userDefined": false
      }
    ],
    "isTemplate": false,
    "count": 0,
    "updated": 1493831208
  },
  {
    "id": "865a0ffc-65d4-4e31-a80d-cab088b79c4d",
    "data": [
      {
        "text": "submit ",
        "userDefined": false
      },
      {
        "text": "paid time off",
        "alias": "leavetype",
        "meta": "@LeaveType",
        "userDefined": true
      },
      {
        "text": " request for ",
        "userDefined": false
      },
      {
        "text": "next week monday",
        "alias": "startdate",
        "meta": "@sys.date",
        "userDefined": false
      },
      {
        "text": " ",
        "userDefined": false
      },
      {
        "text": "untill next week friday",
        "alias": "enddate",
        "meta": "@sys.date",
        "userDefined": true
      }
    ],
    "isTemplate": false,
    "count": 0,
    "updated": 1494616333
  },
  {
    "id": "d44385c9-da62-4cd6-b199-b660102cf162",
    "data": [
      {
        "text": "time off work",
        "userDefined": false
      }
    ],
    "isTemplate": false,
    "count": 0,
    "updated": 1493744365
  },
  {
    "id": "29171945-17b4-41c7-9ad0-f2a6e1b579d9",
    "data": [
      {
        "text": "I\u0027d like to take some time off",
        "userDefined": false
      }
    ],
    "isTemplate": false,
    "count": 0,
    "updated": 1507056916
  },
  {
    "id": "f51f5ced-2e19-4f82-9755-04e9bcf03288",
    "data": [
      {
        "text": "take time off work",
        "userDefined": false
      }
    ],
    "isTemplate": false,
    "count": 0,
    "updated": 1493832549
  },
  {
    "id": "d62e3af6-7f49-42ea-b19c-63cfa751a400",
    "data": [
      {
        "text": "Take some ",
        "userDefined": false
      },
      {
        "text": "pto",
        "alias": "leavetype",
        "meta": "@LeaveType",
        "userDefined": false
      }
    ],
    "isTemplate": false,
    "count": 0,
    "updated": 1494621270
  },
  {
    "id": "0f10214e-23d4-4618-8330-e9e75f8a2f5a",
    "data": [
      {
        "text": "I like to take some time off from ",
        "userDefined": false
      },
      {
        "text": "next Wednesday",
        "alias": "startdate",
        "meta": "@sys.date",
        "userDefined": true
      }
    ],
    "isTemplate": false,
    "count": 0,
    "updated": 1506896313
  },
  {
    "id": "cfc50cd0-b73e-4faf-94f0-ab37d854c5d9",
    "data": [
      {
        "text": "submit a vacation request from ",
        "userDefined": false
      },
      {
        "text": "july 11",
        "alias": "startdate",
        "meta": "@sys.date",
        "userDefined": false
      },
      {
        "text": " for ",
        "userDefined": false
      },
      {
        "text": "15 days",
        "alias": "enddate",
        "meta": "@sys.date",
        "userDefined": true
      }
    ],
    "isTemplate": false,
    "count": 0,
    "updated": 1506036682
  },
  {
    "id": "5ae00494-8ebd-455d-ae59-aaf1d767ade4",
    "data": [
      {
        "text": "i want to take some ",
        "userDefined": false
      },
      {
        "text": "pto",
        "alias": "leavetype",
        "meta": "@LeaveType",
        "userDefined": false
      },
      {
        "text": " from ",
        "userDefined": false
      },
      {
        "text": "tomorrow",
        "alias": "startdate",
        "meta": "@sys.date",
        "userDefined": false
      },
      {
        "text": " through ",
        "userDefined": false
      },
      {
        "text": "friday",
        "alias": "enddate",
        "meta": "@sys.date",
        "userDefined": false
      }
    ],
    "isTemplate": false,
    "count": 0,
    "updated": 1505840793
  },
  {
    "id": "b3dd6b41-62b5-4473-86ab-ff7b38c0b94d",
    "data": [
      {
        "text": "I want to submit a leave request for ",
        "userDefined": false
      },
      {
        "text": "paid time off",
        "alias": "leavetype",
        "meta": "@LeaveType",
        "userDefined": false
      },
      {
        "text": " from ",
        "userDefined": false
      },
      {
        "text": "Friday",
        "alias": "startdate",
        "meta": "@sys.date",
        "userDefined": true
      },
      {
        "text": " through ",
        "userDefined": false
      },
      {
        "text": "may 23rd",
        "alias": "enddate",
        "meta": "@sys.date",
        "userDefined": false
      }
    ],
    "isTemplate": false,
    "count": 0,
    "updated": 1494872489
  },
  {
    "id": "7f77742c-f624-424d-a1eb-743e834fdb4f",
    "data": [
      {
        "text": "submit ",
        "userDefined": false
      },
      {
        "text": "paid leave",
        "alias": "leavetype",
        "meta": "@LeaveType",
        "userDefined": true
      },
      {
        "text": " from ",
        "userDefined": false
      },
      {
        "text": "July 11",
        "alias": "startdate",
        "meta": "@sys.date",
        "userDefined": true
      },
      {
        "text": " to ",
        "userDefined": false
      },
      {
        "text": "July 12",
        "alias": "enddate",
        "meta": "@sys.date",
        "userDefined": true
      }
    ],
    "isTemplate": false,
    "count": 0,
    "updated": 1494616333
  },
  {
    "id": "54d0c22c-3c67-465b-8549-e1587132c894",
    "data": [
      {
        "text": "I want to go on vacation",
        "userDefined": false
      }
    ],
    "isTemplate": false,
    "count": 1,
    "updated": 1507056788
  },
  {
    "id": "8cece50a-cff0-4fb6-ad62-c010222f7535",
    "data": [
      {
        "text": "PTO",
        "alias": "leavetype",
        "meta": "@LeaveType",
        "userDefined": false
      },
      {
        "text": " next ",
        "userDefined": false
      },
      {
        "text": "Friday",
        "alias": "startdate",
        "meta": "@sys.date",
        "userDefined": false
      }
    ],
    "isTemplate": false,
    "count": 1,
    "updated": 1507056788
  },
  {
    "id": "fc0633f7-0f38-4998-b58f-f0c5821d17ad",
    "data": [
      {
        "text": "Take a ",
        "userDefined": false
      },
      {
        "text": "6 days",
        "alias": "enddate",
        "meta": "@sys.date",
        "userDefined": false
      },
      {
        "text": " ",
        "userDefined": false
      },
      {
        "text": "pto",
        "alias": "leavetype",
        "meta": "@LeaveType",
        "userDefined": true
      },
      {
        "text": " ",
        "userDefined": false
      },
      {
        "text": "from july 16",
        "alias": "startdate",
        "meta": "@sys.date",
        "userDefined": false
      }
    ],
    "isTemplate": false,
    "count": 0,
    "updated": 1494616333
  },
  {
    "id": "c0da3dc3-84a3-4caa-83b7-545a70ca4ebd",
    "data": [
      {
        "text": "i want to take some ",
        "userDefined": false
      },
      {
        "text": "leave",
        "meta": "@sys.ignore",
        "userDefined": false
      }
    ],
    "isTemplate": false,
    "count": 0,
    "updated": 1507056788
  },
  {
    "id": "2a7976c7-29e2-4f24-993a-e864eecbcce3",
    "data": [
      {
        "text": "i want to take time off work",
        "userDefined": false
      }
    ],
    "isTemplate": false,
    "count": 0,
    "updated": 1494621258
  },
  {
    "id": "e2fcc65e-f4b4-4242-b84d-523bd2f100e6",
    "data": [
      {
        "text": "take a ",
        "userDefined": false
      },
      {
        "text": "day",
        "meta": "@sys.ignore",
        "userDefined": false
      },
      {
        "text": " off",
        "userDefined": false
      }
    ],
    "isTemplate": false,
    "count": 0,
    "updated": 1493673567
  },
  {
    "id": "6716bbd9-3980-4ef8-b001-44afa4c164a1",
    "data": [
      {
        "text": "i want to take ",
        "userDefined": false
      },
      {
        "text": "pto",
        "alias": "leavetype",
        "meta": "@LeaveType",
        "userDefined": true
      },
      {
        "text": " ",
        "userDefined": false
      },
      {
        "text": "tomorrow",
        "alias": "startdate",
        "meta": "@sys.date",
        "userDefined": true
      },
      {
        "text": " through ",
        "userDefined": false
      },
      {
        "text": "Thursday",
        "alias": "enddate",
        "meta": "@sys.date",
        "userDefined": false
      }
    ],
    "isTemplate": false,
    "count": 0,
    "updated": 1494872409
  },
  {
    "id": "2d1551a2-bf06-448a-9ea2-21b6a379005b",
    "data": [
      {
        "text": "take leave",
        "userDefined": false
      }
    ],
    "isTemplate": false,
    "count": 0,
    "updated": 1493744365
  },
  {
    "id": "068acbdd-4e6b-4629-9a16-2e6d28fd6a80",
    "data": [
      {
        "text": "actually, i want to start my ",
        "userDefined": false
      },
      {
        "text": "pto",
        "alias": "leavetype",
        "meta": "@LeaveType",
        "userDefined": true
      },
      {
        "text": " on ",
        "userDefined": false
      },
      {
        "text": "friday",
        "alias": "startdate",
        "meta": "@sys.date",
        "userDefined": true
      }
    ],
    "isTemplate": false,
    "count": 0,
    "updated": 1494879342
  },
  {
    "id": "a69fb0ff-7028-401a-a301-c636f526dbb4",
    "data": [
      {
        "text": "i want to take ",
        "userDefined": false
      },
      {
        "text": "unpaid leave",
        "alias": "leavetype",
        "meta": "@LeaveType",
        "userDefined": true
      },
      {
        "text": " from ",
        "userDefined": false
      },
      {
        "text": "tomorrow",
        "alias": "startdate",
        "meta": "@sys.date",
        "userDefined": true
      },
      {
        "text": " through ",
        "userDefined": false
      },
      {
        "text": "Thursday",
        "alias": "enddate",
        "meta": "@sys.date",
        "userDefined": true
      }
    ],
    "isTemplate": false,
    "count": 0,
    "updated": 1494616333
  },
  {
    "id": "cea7a4a1-ef2a-4ef7-9688-9f3dc966c762",
    "data": [
      {
        "text": "i want to take ",
        "userDefined": false
      },
      {
        "text": "paid time off",
        "alias": "leavetype",
        "meta": "@LeaveType",
        "userDefined": false
      },
      {
        "text": " from ",
        "userDefined": false
      },
      {
        "text": "monday",
        "alias": "startdate",
        "meta": "@sys.date",
        "userDefined": false
      },
      {
        "text": " to ",
        "userDefined": false
      },
      {
        "text": "friday",
        "alias": "enddate",
        "meta": "@sys.date",
        "userDefined": true
      }
    ],
    "isTemplate": false,
    "count": 0,
    "updated": 1496551476
  },
  {
    "id": "c9bb97da-d627-48ec-89cf-4cb2e478d4ac",
    "data": [
      {
        "text": "i want to submit some ",
        "userDefined": false
      },
      {
        "text": "pto",
        "alias": "leavetype",
        "meta": "@LeaveType",
        "userDefined": true
      }
    ],
    "isTemplate": false,
    "count": 0,
    "updated": 1494621227
  },
  {
    "id": "c1fd15d3-3838-414a-aaf2-2fa75de8b6ed",
    "data": [
      {
        "text": "i want to take ",
        "userDefined": false
      },
      {
        "text": "next week monday",
        "alias": "startdate",
        "meta": "@sys.date",
        "userDefined": false
      },
      {
        "text": " off work",
        "userDefined": false
      }
    ],
    "isTemplate": false,
    "count": 0,
    "updated": 1495730607
  },
  {
    "id": "8e8be691-8689-484b-b0e8-6a4a5f66bbe2",
    "data": [
      {
        "text": "take a ",
        "userDefined": false
      },
      {
        "text": "day",
        "alias": "enddate",
        "meta": "@sys.date",
        "userDefined": false
      },
      {
        "text": " off ",
        "userDefined": false
      },
      {
        "text": "unpaid",
        "meta": "@sys.ignore",
        "userDefined": true
      },
      {
        "text": " on ",
        "userDefined": false
      },
      {
        "text": "july 11",
        "alias": "startdate",
        "meta": "@sys.date",
        "userDefined": false
      }
    ],
    "isTemplate": false,
    "count": 0,
    "updated": 1493832622
  },
  {
    "id": "4645bea6-9385-44ed-a3aa-2bbc941c6005",
    "data": [
      {
        "text": "take ",
        "userDefined": false
      },
      {
        "text": "pto",
        "alias": "leavetype",
        "meta": "@LeaveType",
        "userDefined": false
      },
      {
        "text": " ",
        "userDefined": false
      },
      {
        "text": "friday",
        "alias": "startdate",
        "meta": "@sys.date",
        "userDefined": false
      }
    ],
    "isTemplate": false,
    "count": 0,
    "updated": 1506038800
  },
  {
    "id": "c828ee2d-caf1-4fe6-9e70-c67d19fbefb4",
    "data": [
      {
        "text": "i want to take a day off",
        "userDefined": false
      }
    ],
    "isTemplate": false,
    "count": 0,
    "updated": 1494872489
  }
]