[
  {
    "id": "feb86285-f7ee-41f3-b090-5fd80551098e",
    "data": [
      {
        "text": "turn ",
        "userDefined": false
      },
      {
        "text": "on",
        "alias": "state",
        "meta": "@state",
        "userDefined": false
      },
      {
        "text": " ",
        "userDefined": false
      },
      {
        "text": "kitchen lights",
        "alias": "iotdevice",
        "meta": "@iotdevice",
        "userDefined": false
      }
    ],
    "isTemplate": false,
    "count": 0,
    "updated": 0
  },
  {
    "id": "4f7a1750-2193-49a1-ae3e-d86a8dad34d5",
    "data": [
      {
        "text": "turn ",
        "userDefined": false
      },
      {
        "text": "on",
        "alias": "state",
        "meta": "@state",
        "userDefined": false
      },
      {
        "text": " the ",
        "userDefined": false
      },
      {
        "text": "kitchen lights",
        "alias": "iotdevice",
        "meta": "@iotdevice",
        "userDefined": false
      }
    ],
    "isTemplate": false,
    "count": 0,
    "updated": 0
  },
  {
    "id": "83ce7903-3dc5-4758-ae01-854dd20c96c2",
    "data": [
      {
        "text": "turn ",
        "userDefined": false
      },
      {
        "text": "desk lamp",
        "alias": "iotdevice",
        "meta": "@iotdevice",
        "userDefined": false
      },
      {
        "text": " ",
        "userDefined": false
      },
      {
        "text": "off",
        "alias": "state",
        "meta": "@state",
        "userDefined": false
      }
    ],
    "isTemplate": false,
    "count": 0,
    "updated": 0
  },
  {
    "id": "65f4ffaf-0e6a-4d44-9d15-cb83e22e2ced",
    "data": [
      {
        "text": "switch the ",
        "userDefined": false
      },
      {
        "text": "desk lamp",
        "alias": "iotdevice",
        "meta": "@iotdevice",
        "userDefined": false
      },
      {
        "text": " ",
        "userDefined": false
      },
      {
        "text": "off",
        "alias": "state",
        "meta": "@state",
        "userDefined": false
      }
    ],
    "isTemplate": false,
    "count": 0,
    "updated": 0
  }
]