[
  {
    "id": "33078109-54e9-48f6-bf75-044c00d0cae6",
    "data": [
      {
        "text": "open the ",
        "userDefined": false
      },
      {
        "text": "first one",
        "alias": "taskposition",
        "meta": "@task-position",
        "userDefined": false
      }
    ],
    "isTemplate": false,
    "count": 0,
    "updated": 1506544009
  },
  {
    "id": "36050862-91fb-447c-ae15-69696c6c142d",
    "data": [
      {
        "text": "open my ",
        "userDefined": false
      },
      {
        "text": "first",
        "alias": "taskposition",
        "meta": "@task-position",
        "userDefined": false
      },
      {
        "text": " task.",
        "userDefined": false
      }
    ],
    "isTemplate": false,
    "count": 0,
    "updated": 1506547464
  },
  {
    "id": "b65f79ed-7f9c-4516-8f25-08c0094cbca7",
    "data": [
      {
        "text": "Open the ",
        "userDefined": false
      },
      {
        "text": "most recent",
        "alias": "taskposition",
        "meta": "@task-position",
        "userDefined": true
      },
      {
        "text": " task",
        "userDefined": false
      }
    ],
    "isTemplate": false,
    "count": 0,
    "updated": 1506544009
  },
  {
    "id": "f6487f63-8114-45f8-8ddf-c2e64e693218",
    "data": [
      {
        "text": "open the ",
        "userDefined": false
      },
      {
        "text": "first",
        "alias": "taskposition",
        "meta": "@task-position",
        "userDefined": false
      },
      {
        "text": " task",
        "userDefined": false
      }
    ],
    "isTemplate": false,
    "count": 0,
    "updated": 1506706595
  },
  {
    "id": "92656638-a09a-47d9-8476-2c53b259f4ba",
    "data": [
      {
        "text": "open ",
        "userDefined": false
      },
      {
        "text": "first",
        "alias": "taskposition",
        "meta": "@task-position",
        "userDefined": true
      },
      {
        "text": " task",
        "userDefined": false
      }
    ],
    "isTemplate": false,
    "count": 0,
    "updated": 1506544009
  },
  {
    "id": "319b4af8-ed49-407b-92d1-92ae579711c1",
    "data": [
      {
        "text": "open task ",
        "userDefined": false
      },
      {
        "text": "one",
        "alias": "taskposition",
        "meta": "@task-position",
        "userDefined": false
      }
    ],
    "isTemplate": false,
    "count": 0,
    "updated": 1506544009
  },
  {
    "id": "dfab56d9-bacb-46a6-9be7-c50b4e6ee5f0",
    "data": [
      {
        "text": "open the  ",
        "userDefined": false
      },
      {
        "text": "first",
        "alias": "taskposition",
        "meta": "@task-position",
        "userDefined": false
      },
      {
        "text": " task from my task list.",
        "userDefined": false
      }
    ],
    "isTemplate": false,
    "count": 0,
    "updated": 1506547464
  },
  {
    "id": "7a4ac3ba-7a46-4641-89f9-267f8289b40d",
    "data": [
      {
        "text": "get the ",
        "userDefined": false
      },
      {
        "text": "first one",
        "alias": "taskposition",
        "meta": "@task-position",
        "userDefined": false
      }
    ],
    "isTemplate": false,
    "count": 0,
    "updated": 1506544009
  },
  {
    "id": "ff97c701-7c37-4b3d-ae75-20c05ce85461",
    "data": [
      {
        "text": "open the ",
        "userDefined": false
      },
      {
        "text": "oldest",
        "alias": "taskposition",
        "meta": "@task-position",
        "userDefined": true
      },
      {
        "text": " task",
        "userDefined": false
      }
    ],
    "isTemplate": false,
    "count": 0,
    "updated": 1506544009
  },
  {
    "id": "14c1d40a-2536-442f-838e-b951f21aeda3",
    "data": [
      {
        "text": "open the ",
        "userDefined": false
      },
      {
        "text": "last",
        "alias": "taskposition",
        "meta": "@task-position",
        "userDefined": true
      },
      {
        "text": " task",
        "userDefined": false
      }
    ],
    "isTemplate": false,
    "count": 0,
    "updated": 1506544009
  }
]