[
  {
    "value": "Employee Onboarding\\Employee Onboarding",
    "synonyms": [
      "Employee Onboarding",
      "Onboarding",
      "New Employee"
    ]
  },
  {
    "value": "expense-claim",
    "synonyms": [
      "expense-claim",
      "expenses",
      "expense claims",
      "expense requests"
    ]
  },
  {
    "value": "Workflow\\Leave Request",
    "synonyms": [
      "leave-process",
      "leave process",
      "leave request",
      "leave request workflow",
      "vacation requests",
      "time off request",
      "leave requests",
      "time off requests",
      "time off",
      "leave",
      "vacation",
      "leave requests"
    ]
  }
]