[
  {
    "value": "Family Responsibility Leave",
    "synonyms": [
      "Family Responsibility",
      "Family Leave",
      "Sick Time",
      "Family",
      "Personal",
      "sick leave",
      "medical",
      "maternity",
      "paternity"
    ]
  },
  {
    "value": "Paid Time Off",
    "synonyms": [
      "Paid Time Off",
      "PTO",
      "Paid Vacation",
      "paid",
      "paid leave",
      "with compensation",
      "pto"
    ]
  },
  {
    "value": "Floating Holiday",
    "synonyms": [
      "Floating Holiday",
      "floating",
      "floating day",
      "float",
      "float day"
    ]
  },
  {
    "value": "Unpaid Time Off",
    "synonyms": [
      "Unpaid Time Off",
      "Unpaid",
      "No Pay",
      "non paid"
    ]
  }
]