[
  {
    "value": "third",
    "synonyms": [
      "third",
      "number three",
      "three",
      "third one"
    ]
  },
  {
    "value": "first",
    "synonyms": [
      "one",
      "number one",
      "first",
      "most recent",
      "first one",
      "it",
      "next"
    ]
  },
  {
    "value": "second",
    "synonyms": [
      "second",
      "number two",
      "two",
      "second one"
    ]
  },
  {
    "value": "last",
    "synonyms": [
      "last",
      "oldest",
      "last one"
    ]
  }
]